File Name,Prediction
"('sh.600009.xlsx',)",0
"('sh.600017.xlsx',)",0
"('sh.600019.xlsx',)",2
"('sh.600021.xlsx',)",0
"('sh.600025.xlsx',)",0
"('sh.600033.xlsx',)",2
"('sh.600035.xlsx',)",2
"('sh.600038.xlsx',)",1
"('sh.600048.xlsx',)",0
"('sh.600050.xlsx',)",0
"('sh.600051.xlsx',)",5
"('sh.600056.xlsx',)",0
"('sh.600057.xlsx',)",3
"('sh.600059.xlsx',)",3
"('sh.600061.xlsx',)",5
"('sh.600062.xlsx',)",3
"('sh.600063.xlsx',)",3
"('sh.600064.xlsx',)",0
"('sh.600070.xlsx',)",4
"('sh.600072.xlsx',)",2
"('sh.600073.xlsx',)",3
"('sh.600079.xlsx',)",3
"('sh.600083.xlsx',)",1
"('sh.600085.xlsx',)",3
"('sh.600089.xlsx',)",2
"('sh.600094.xlsx',)",0
"('sh.600095.xlsx',)",5
"('sh.600096.xlsx',)",3
"('sh.600097.xlsx',)",3
"('sh.600098.xlsx',)",0
"('sh.600099.xlsx',)",2
"('sh.600100.xlsx',)",1
"('sh.600101.xlsx',)",0
"('sh.600103.xlsx',)",2
"('sh.600104.xlsx',)",2
"('sh.600108.xlsx',)",3
"('sh.600110.xlsx',)",1
"('sh.600112.xlsx',)",2
"('sh.600113.xlsx',)",5
"('sh.600116.xlsx',)",0
"('sh.600117.xlsx',)",2
"('sh.600118.xlsx',)",1
"('sh.600119.xlsx',)",3
"('sh.600120.xlsx',)",5
"('sh.600123.xlsx',)",2
"('sh.600125.xlsx',)",3
"('sh.600126.xlsx',)",2
"('sh.600127.xlsx',)",3
"('sh.600128.xlsx',)",0
"('sh.600130.xlsx',)",4
"('sh.600131.xlsx',)",4
"('sh.600132.xlsx',)",3
"('sh.600135.xlsx',)",3
"('sh.600136.xlsx',)",4
"('sh.600141.xlsx',)",3
"('sh.600143.xlsx',)",3
"('sh.600149.xlsx',)",0
"('sh.600151.xlsx',)",2
"('sh.600152.xlsx',)",1
"('sh.600153.xlsx',)",0
"('sh.600156.xlsx',)",0
"('sh.600157.xlsx',)",0
"('sh.600158.xlsx',)",4
"('sh.600160.xlsx',)",3
"('sh.600161.xlsx',)",0
"('sh.600163.xlsx',)",0
"('sh.600165.xlsx',)",3
"('sh.600166.xlsx',)",2
"('sh.600168.xlsx',)",0
"('sh.600170.xlsx',)",2
"('sh.600171.xlsx',)",1
"('sh.600172.xlsx',)",3
"('sh.600176.xlsx',)",2
"('sh.600177.xlsx',)",0
"('sh.600180.xlsx',)",3
"('sh.600184.xlsx',)",2
"('sh.600185.xlsx',)",0
"('sh.600186.xlsx',)",3
"('sh.600187.xlsx',)",0
"('sh.600189.xlsx',)",3
"('sh.600192.xlsx',)",2
"('sh.600195.xlsx',)",3
"('sh.600197.xlsx',)",3
"('sh.600198.xlsx',)",1
"('sh.600199.xlsx',)",3
"('sh.600200.xlsx',)",2
"('sh.600202.xlsx',)",2
"('sh.600203.xlsx',)",4
"('sh.600206.xlsx',)",2
"('sh.600208.xlsx',)",0
"('sh.600210.xlsx',)",5
"('sh.600211.xlsx',)",0
"('sh.600212.xlsx',)",0
"('sh.600216.xlsx',)",3
"('sh.600219.xlsx',)",2
"('sh.600220.xlsx',)",0
"('sh.600225.xlsx',)",4
"('sh.600227.xlsx',)",3
"('sh.600228.xlsx',)",4
"('sh.600229.xlsx',)",4
"('sh.600230.xlsx',)",3
"('sh.600231.xlsx',)",2
"('sh.600232.xlsx',)",0
"('sh.600234.xlsx',)",0
"('sh.600235.xlsx',)",2
"('sh.600236.xlsx',)",0
"('sh.600237.xlsx',)",1
"('sh.600239.xlsx',)",0
"('sh.600246.xlsx',)",0
"('sh.600249.xlsx',)",4
"('sh.600250.xlsx',)",0
"('sh.600255.xlsx',)",2
"('sh.600257.xlsx',)",3
"('sh.600262.xlsx',)",2
"('sh.600265.xlsx',)",3
"('sh.600266.xlsx',)",0
"('sh.600267.xlsx',)",0
"('sh.600268.xlsx',)",2
"('sh.600269.xlsx',)",0
"('sh.600272.xlsx',)",0
"('sh.600276.xlsx',)",3
"('sh.600277.xlsx',)",3
"('sh.600278.xlsx',)",0
"('sh.600279.xlsx',)",5
"('sh.600280.xlsx',)",5
"('sh.600283.xlsx',)",0
"('sh.600284.xlsx',)",2
"('sh.600285.xlsx',)",3
"('sh.600287.xlsx',)",5
"('sh.600288.xlsx',)",1
"('sh.600289.xlsx',)",0
"('sh.600290.xlsx',)",2
"('sh.600292.xlsx',)",3
"('sh.600293.xlsx',)",2
"('sh.600295.xlsx',)",2
"('sh.600297.xlsx',)",2
"('sh.600301.xlsx',)",0
"('sh.600302.xlsx',)",2
"('sh.600307.xlsx',)",2
"('sh.600308.xlsx',)",0
"('sh.600309.xlsx',)",3
"('sh.600312.xlsx',)",2
"('sh.600316.xlsx',)",1
"('sh.600318.xlsx',)",5
"('sh.600319.xlsx',)",3
"('sh.600320.xlsx',)",2
"('sh.600321.xlsx',)",2
"('sh.600322.xlsx',)",0
"('sh.600323.xlsx',)",3
"('sh.600325.xlsx',)",0
"('sh.600326.xlsx',)",2
"('sh.600327.xlsx',)",0
"('sh.600331.xlsx',)",2
"('sh.600333.xlsx',)",0
"('sh.600336.xlsx',)",0
"('sh.600337.xlsx',)",2
"('sh.600339.xlsx',)",2
"('sh.600340.xlsx',)",0
"('sh.600343.xlsx',)",2
"('sh.600351.xlsx',)",3
"('sh.600353.xlsx',)",1
"('sh.600355.xlsx',)",1
"('sh.600356.xlsx',)",0
"('sh.600360.xlsx',)",1
"('sh.600361.xlsx',)",2
"('sh.600363.xlsx',)",1
"('sh.600366.xlsx',)",2
"('sh.600367.xlsx',)",3
"('sh.600370.xlsx',)",3
"('sh.600371.xlsx',)",3
"('sh.600372.xlsx',)",1
"('sh.600375.xlsx',)",2
"('sh.600376.xlsx',)",0
"('sh.600380.xlsx',)",3
"('sh.600381.xlsx',)",3
"('sh.600386.xlsx',)",2
"('sh.600388.xlsx',)",3
"('sh.600391.xlsx',)",1
"('sh.600395.xlsx',)",2
"('sh.600396.xlsx',)",0
"('sh.600399.xlsx',)",2
"('sh.600405.xlsx',)",2
"('sh.600406.xlsx',)",2
"('sh.600415.xlsx',)",5
"('sh.600416.xlsx',)",1
"('sh.600419.xlsx',)",3
"('sh.600420.xlsx',)",3
"('sh.600423.xlsx',)",3
"('sh.600425.xlsx',)",2
"('sh.600429.xlsx',)",3
"('sh.600435.xlsx',)",1
"('sh.600436.xlsx',)",3
"('sh.600438.xlsx',)",2
"('sh.600439.xlsx',)",0
"('sh.600444.xlsx',)",2
"('sh.600448.xlsx',)",0
"('sh.600452.xlsx',)",0
"('sh.600459.xlsx',)",2
"('sh.600461.xlsx',)",0
"('sh.600462.xlsx',)",1
"('sh.600467.xlsx',)",3
"('sh.600468.xlsx',)",2
"('sh.600476.xlsx',)",4
"('sh.600477.xlsx',)",2
"('sh.600478.xlsx',)",1
"('sh.600479.xlsx',)",3
"('sh.600480.xlsx',)",2
"('sh.600481.xlsx',)",2
"('sh.600482.xlsx',)",2
"('sh.600483.xlsx',)",0
"('sh.600486.xlsx',)",3
"('sh.600489.xlsx',)",0
"('sh.600490.xlsx',)",2
"('sh.600491.xlsx',)",2
"('sh.600495.xlsx',)",2
"('sh.600496.xlsx',)",2
"('sh.600497.xlsx',)",2
"('sh.600500.xlsx',)",3
"('sh.600502.xlsx',)",2
"('sh.600503.xlsx',)",0
"('sh.600505.xlsx',)",0
"('sh.600506.xlsx',)",0
"('sh.600507.xlsx',)",2
"('sh.600508.xlsx',)",2
"('sh.600509.xlsx',)",0
"('sh.600511.xlsx',)",0
"('sh.600513.xlsx',)",3
"('sh.600516.xlsx',)",3
"('sh.600517.xlsx',)",2
"('sh.600518.xlsx',)",3
"('sh.600519.xlsx',)",3
"('sh.600522.xlsx',)",2
"('sh.600523.xlsx',)",2
"('sh.600528.xlsx',)",2
"('sh.600529.xlsx',)",0
"('sh.600531.xlsx',)",2
"('sh.600533.xlsx',)",0
"('sh.600536.xlsx',)",4
"('sh.600537.xlsx',)",2
"('sh.600540.xlsx',)",3
"('sh.600543.xlsx',)",3
"('sh.600545.xlsx',)",2
"('sh.600549.xlsx',)",2
"('sh.600550.xlsx',)",2
"('sh.600552.xlsx',)",1
"('sh.600557.xlsx',)",3
"('sh.600558.xlsx',)",2
"('sh.600559.xlsx',)",0
"('sh.600560.xlsx',)",2
"('sh.600561.xlsx',)",2
"('sh.600562.xlsx',)",1
"('sh.600563.xlsx',)",1
"('sh.600567.xlsx',)",2
"('sh.600568.xlsx',)",5
"('sh.600570.xlsx',)",4
"('sh.600571.xlsx',)",4
"('sh.600575.xlsx',)",3
"('sh.600576.xlsx',)",3
"('sh.600577.xlsx',)",2
"('sh.600578.xlsx',)",0
"('sh.600580.xlsx',)",1
"('sh.600581.xlsx',)",2
"('sh.600582.xlsx',)",2
"('sh.600583.xlsx',)",2
"('sh.600586.xlsx',)",2
"('sh.600588.xlsx',)",4
"('sh.600592.xlsx',)",2
"('sh.600593.xlsx',)",3
"('sh.600594.xlsx',)",3
"('sh.600596.xlsx',)",3
"('sh.600597.xlsx',)",3
"('sh.600598.xlsx',)",3
"('sh.600599.xlsx',)",5
"('sh.600601.xlsx',)",1
"('sh.600602.xlsx',)",4
"('sh.600603.xlsx',)",0
"('sh.600604.xlsx',)",0
"('sh.600605.xlsx',)",0
"('sh.600608.xlsx',)",0
"('sh.600611.xlsx',)",2
"('sh.600615.xlsx',)",2
"('sh.600616.xlsx',)",3
"('sh.600617.xlsx',)",0
"('sh.600618.xlsx',)",3
"('sh.600621.xlsx',)",5
"('sh.600622.xlsx',)",0
"('sh.600623.xlsx',)",3
"('sh.600629.xlsx',)",2
"('sh.600630.xlsx',)",0
"('sh.600636.xlsx',)",3
"('sh.600637.xlsx',)",4
"('sh.600638.xlsx',)",0
"('sh.600639.xlsx',)",0
"('sh.600640.xlsx',)",4
"('sh.600642.xlsx',)",0
"('sh.600643.xlsx',)",5
"('sh.600647.xlsx',)",0
"('sh.600648.xlsx',)",0
"('sh.600650.xlsx',)",2
"('sh.600651.xlsx',)",1
"('sh.600653.xlsx',)",2
"('sh.600654.xlsx',)",4
"('sh.600658.xlsx',)",0
"('sh.600663.xlsx',)",0
"('sh.600664.xlsx',)",3
"('sh.600665.xlsx',)",0
"('sh.600668.xlsx',)",2
"('sh.600674.xlsx',)",0
"('sh.600675.xlsx',)",0
"('sh.600676.xlsx',)",2
"('sh.600679.xlsx',)",2
"('sh.600681.xlsx',)",0
"('sh.600682.xlsx',)",0
"('sh.600683.xlsx',)",0
"('sh.600689.xlsx',)",0
"('sh.600692.xlsx',)",0
"('sh.600694.xlsx',)",5
"('sh.600696.xlsx',)",3
"('sh.600697.xlsx',)",5
"('sh.600698.xlsx',)",2
"('sh.600699.xlsx',)",2
"('sh.600703.xlsx',)",1
"('sh.600704.xlsx',)",3
"('sh.600705.xlsx',)",5
"('sh.600708.xlsx',)",0
"('sh.600710.xlsx',)",0
"('sh.600711.xlsx',)",2
"('sh.600713.xlsx',)",0
"('sh.600715.xlsx',)",4
"('sh.600717.xlsx',)",0
"('sh.600719.xlsx',)",0
"('sh.600725.xlsx',)",2
"('sh.600727.xlsx',)",3
"('sh.600728.xlsx',)",4
"('sh.600729.xlsx',)",5
"('sh.600731.xlsx',)",3
"('sh.600735.xlsx',)",0
"('sh.600737.xlsx',)",3
"('sh.600738.xlsx',)",5
"('sh.600739.xlsx',)",0
"('sh.600741.xlsx',)",2
"('sh.600743.xlsx',)",0
"('sh.600744.xlsx',)",0
"('sh.600745.xlsx',)",4
"('sh.600748.xlsx',)",2
"('sh.600749.xlsx',)",3
"('sh.600750.xlsx',)",3
"('sh.600753.xlsx',)",0
"('sh.600754.xlsx',)",3
"('sh.600758.xlsx',)",2
"('sh.600759.xlsx',)",0
"('sh.600760.xlsx',)",1
"('sh.600761.xlsx',)",2
"('sh.600763.xlsx',)",0
"('sh.600764.xlsx',)",1
"('sh.600765.xlsx',)",1
"('sh.600766.xlsx',)",5
"('sh.600769.xlsx',)",2
"('sh.600770.xlsx',)",5
"('sh.600771.xlsx',)",3
"('sh.600778.xlsx',)",5
"('sh.600782.xlsx',)",2
"('sh.600785.xlsx',)",5
"('sh.600791.xlsx',)",0
"('sh.600792.xlsx',)",2
"('sh.600793.xlsx',)",2
"('sh.600794.xlsx',)",3
"('sh.600795.xlsx',)",0
"('sh.600798.xlsx',)",0
"('sh.600801.xlsx',)",2
"('sh.600802.xlsx',)",2
"('sh.600803.xlsx',)",0
"('sh.600804.xlsx',)",0
"('sh.600805.xlsx',)",5
"('sh.600811.xlsx',)",3
"('sh.600814.xlsx',)",5
"('sh.600815.xlsx',)",2
"('sh.600818.xlsx',)",2
"('sh.600819.xlsx',)",2
"('sh.600820.xlsx',)",2
"('sh.600822.xlsx',)",0
"('sh.600823.xlsx',)",0
"('sh.600824.xlsx',)",5
"('sh.600826.xlsx',)",0
"('sh.600827.xlsx',)",5
"('sh.600828.xlsx',)",5
"('sh.600830.xlsx',)",5
"('sh.600831.xlsx',)",4
"('sh.600833.xlsx',)",0
"('sh.600834.xlsx',)",2
"('sh.600835.xlsx',)",2
"('sh.600838.xlsx',)",5
"('sh.600839.xlsx',)",0
"('sh.600841.xlsx',)",2
"('sh.600844.xlsx',)",4
"('sh.600845.xlsx',)",0
"('sh.600846.xlsx',)",2
"('sh.600847.xlsx',)",3
"('sh.600850.xlsx',)",4
"('sh.600857.xlsx',)",5
"('sh.600869.xlsx',)",2
"('sh.600883.xlsx',)",2
"('sh.600884.xlsx',)",1
"('sh.600888.xlsx',)",2
"('sh.600976.xlsx',)",3
"('sh.600987.xlsx',)",0
"('sh.600996.xlsx',)",4
"('sh.600998.xlsx',)",0
"('sh.601000.xlsx',)",0
"('sh.601020.xlsx',)",2
"('sh.601021.xlsx',)",0
"('sh.601022.xlsx',)",0
"('sh.601106.xlsx',)",2
"('sh.601116.xlsx',)",5
"('sh.601121.xlsx',)",2
"('sh.601188.xlsx',)",2
"('sh.601208.xlsx',)",3
"('sh.601216.xlsx',)",3
"('sh.601218.xlsx',)",2
"('sh.601222.xlsx',)",3
"('sh.601512.xlsx',)",0
"('sh.601518.xlsx',)",2
"('sh.601616.xlsx',)",2
"('sh.601636.xlsx',)",2
"('sh.601668.xlsx',)",0
"('sh.601689.xlsx',)",0
"('sh.601728.xlsx',)",2
"('sh.601868.xlsx',)",2
"('sh.601880.xlsx',)",2
"('sh.601968.xlsx',)",3
"('sh.601969.xlsx',)",3
"('sh.601975.xlsx',)",5
"('sh.603026.xlsx',)",3
"('sh.603071.xlsx',)",5
"('sh.603077.xlsx',)",3
"('sh.603088.xlsx',)",2
"('sh.603101.xlsx',)",5
"('sh.603103.xlsx',)",4
"('sh.603108.xlsx',)",0
"('sh.603133.xlsx',)",2
"('sh.603139.xlsx',)",0
"('sh.603208.xlsx',)",0
"('sh.603229.xlsx',)",3
"('sh.603230.xlsx',)",3
"('sh.603238.xlsx',)",0
"('sh.603277.xlsx',)",0
"('sh.603298.xlsx',)",0
"('sh.603305.xlsx',)",2
"('sh.603308.xlsx',)",3
"('sh.603313.xlsx',)",0
"('sh.603315.xlsx',)",0
"('sh.603322.xlsx',)",0
"('sh.603367.xlsx',)",3
"('sh.603377.xlsx',)",3
"('sh.603383.xlsx',)",0
"('sh.603416.xlsx',)",2
"('sh.603429.xlsx',)",0
"('sh.603558.xlsx',)",2
"('sh.603603.xlsx',)",2
"('sh.603612.xlsx',)",2
"('sh.603616.xlsx',)",1
"('sh.603636.xlsx',)",1
"('sh.603656.xlsx',)",0
"('sh.603677.xlsx',)",3
"('sh.603686.xlsx',)",0
"('sh.603721.xlsx',)",0
"('sh.603737.xlsx',)",3
"('sh.603758.xlsx',)",1
"('sh.603766.xlsx',)",0
"('sh.603806.xlsx',)",2
"('sh.603822.xlsx',)",2
"('sh.603858.xlsx',)",0
"('sh.603868.xlsx',)",0
"('sh.603927.xlsx',)",2
"('sh.603985.xlsx',)",2
"('sh.603990.xlsx',)",3
"('sh.603993.xlsx',)",2
"('sh.605011.xlsx',)",3
"('sh.605086.xlsx',)",2
"('sh.605599.xlsx',)",0
"('sz.000006.xlsx',)",0
"('sz.000008.xlsx',)",2
"('sz.000010.xlsx',)",2
"('sz.000011.xlsx',)",0
"('sz.000014.xlsx',)",0
"('sz.000016.xlsx',)",0
"('sz.000019.xlsx',)",0
"('sz.000020.xlsx',)",1
"('sz.000023.xlsx',)",2
"('sz.000025.xlsx',)",4
"('sz.000026.xlsx',)",4
"('sz.000027.xlsx',)",0
"('sz.000028.xlsx',)",0
"('sz.000029.xlsx',)",0
"('sz.000030.xlsx',)",2
"('sz.000031.xlsx',)",0
"('sz.000032.xlsx',)",1
"('sz.000034.xlsx',)",1
"('sz.000035.xlsx',)",3
"('sz.000040.xlsx',)",0
"('sz.000042.xlsx',)",0
"('sz.000045.xlsx',)",1
"('sz.000046.xlsx',)",5
"('sz.000048.xlsx',)",0
"('sz.000049.xlsx',)",1
"('sz.000050.xlsx',)",1
"('sz.000055.xlsx',)",5
"('sz.000056.xlsx',)",3
"('sz.000058.xlsx',)",5
"('sz.000059.xlsx',)",0
"('sz.000060.xlsx',)",2
"('sz.000061.xlsx',)",0
"('sz.000062.xlsx',)",1
"('sz.000065.xlsx',)",2
"('sz.000068.xlsx',)",3
"('sz.000069.xlsx',)",0
"('sz.000070.xlsx',)",1
"('sz.000078.xlsx',)",0
"('sz.000088.xlsx',)",0
"('sz.000089.xlsx',)",0
"('sz.000090.xlsx',)",0
"('sz.000096.xlsx',)",0
"('sz.000099.xlsx',)",0
"('sz.000151.xlsx',)",0
"('sz.000153.xlsx',)",3
"('sz.000155.xlsx',)",0
"('sz.000156.xlsx',)",4
"('sz.000158.xlsx',)",5
"('sz.000333.xlsx',)",0
"('sz.000338.xlsx',)",2
"('sz.000400.xlsx',)",2
"('sz.000401.xlsx',)",2
"('sz.000402.xlsx',)",0
"('sz.000403.xlsx',)",0
"('sz.000404.xlsx',)",2
"('sz.000408.xlsx',)",3
"('sz.000409.xlsx',)",4
"('sz.000410.xlsx',)",2
"('sz.000411.xlsx',)",0
"('sz.000413.xlsx',)",1
"('sz.000416.xlsx',)",5
"('sz.000417.xlsx',)",5
"('sz.000419.xlsx',)",5
"('sz.000420.xlsx',)",3
"('sz.000421.xlsx',)",0
"('sz.000422.xlsx',)",3
"('sz.000423.xlsx',)",2
"('sz.000425.xlsx',)",2
"('sz.000426.xlsx',)",2
"('sz.000428.xlsx',)",3
"('sz.000429.xlsx',)",0
"('sz.000430.xlsx',)",3
"('sz.000488.xlsx',)",2
"('sz.000498.xlsx',)",2
"('sz.000501.xlsx',)",5
"('sz.000503.xlsx',)",4
"('sz.000504.xlsx',)",0
"('sz.000505.xlsx',)",3
"('sz.000506.xlsx',)",0
"('sz.000507.xlsx',)",0
"('sz.000510.xlsx',)",3
"('sz.000513.xlsx',)",3
"('sz.000514.xlsx',)",0
"('sz.000516.xlsx',)",0
"('sz.000517.xlsx',)",0
"('sz.000519.xlsx',)",2
"('sz.000520.xlsx',)",0
"('sz.000521.xlsx',)",0
"('sz.000523.xlsx',)",3
"('sz.000524.xlsx',)",3
"('sz.000525.xlsx',)",3
"('sz.000526.xlsx',)",3
"('sz.000528.xlsx',)",2
"('sz.000529.xlsx',)",3
"('sz.000531.xlsx',)",0
"('sz.000532.xlsx',)",5
"('sz.000534.xlsx',)",0
"('sz.000536.xlsx',)",1
"('sz.000537.xlsx',)",0
"('sz.000539.xlsx',)",0
"('sz.000541.xlsx',)",0
"('sz.000543.xlsx',)",0
"('sz.000544.xlsx',)",0
"('sz.000545.xlsx',)",3
"('sz.000547.xlsx',)",1
"('sz.000548.xlsx',)",2
"('sz.000551.xlsx',)",3
"('sz.000552.xlsx',)",2
"('sz.000553.xlsx',)",3
"('sz.000554.xlsx',)",0
"('sz.000557.xlsx',)",3
"('sz.000558.xlsx',)",0
"('sz.000559.xlsx',)",2
"('sz.000560.xlsx',)",0
"('sz.000561.xlsx',)",1
"('sz.000565.xlsx',)",3
"('sz.000566.xlsx',)",3
"('sz.000567.xlsx',)",5
"('sz.000568.xlsx',)",3
"('sz.000570.xlsx',)",2
"('sz.000571.xlsx',)",2
"('sz.000572.xlsx',)",2
"('sz.000573.xlsx',)",0
"('sz.000576.xlsx',)",5
"('sz.000581.xlsx',)",2
"('sz.000582.xlsx',)",0
"('sz.000589.xlsx',)",3
"('sz.000591.xlsx',)",0
"('sz.000593.xlsx',)",0
"('sz.000595.xlsx',)",2
"('sz.000596.xlsx',)",3
"('sz.000597.xlsx',)",3
"('sz.000598.xlsx',)",0
"('sz.000599.xlsx',)",3
"('sz.000600.xlsx',)",0
"('sz.000603.xlsx',)",2
"('sz.000605.xlsx',)",0
"('sz.000607.xlsx',)",4
"('sz.000610.xlsx',)",3
"('sz.000615.xlsx',)",4
"('sz.000617.xlsx',)",5
"('sz.000619.xlsx',)",2
"('sz.000620.xlsx',)",0
"('sz.000625.xlsx',)",2
"('sz.000626.xlsx',)",0
"('sz.000628.xlsx',)",2
"('sz.000629.xlsx',)",2
"('sz.000630.xlsx',)",2
"('sz.000631.xlsx',)",0
"('sz.000635.xlsx',)",2
"('sz.000636.xlsx',)",1
"('sz.000637.xlsx',)",0
"('sz.000639.xlsx',)",3
"('sz.000652.xlsx',)",5
"('sz.000655.xlsx',)",2
"('sz.000657.xlsx',)",2
"('sz.000661.xlsx',)",0
"('sz.000663.xlsx',)",2
"('sz.000665.xlsx',)",4
"('sz.000668.xlsx',)",0
"('sz.000669.xlsx',)",0
"('sz.000670.xlsx',)",1
"('sz.000672.xlsx',)",2
"('sz.000677.xlsx',)",3
"('sz.000678.xlsx',)",0
"('sz.000679.xlsx',)",5
"('sz.000680.xlsx',)",2
"('sz.000682.xlsx',)",1
"('sz.000683.xlsx',)",3
"('sz.000685.xlsx',)",0
"('sz.000688.xlsx',)",2
"('sz.000690.xlsx',)",0
"('sz.000698.xlsx',)",0
"('sz.000701.xlsx',)",5
"('sz.000703.xlsx',)",3
"('sz.000705.xlsx',)",0
"('sz.000707.xlsx',)",0
"('sz.000708.xlsx',)",2
"('sz.000709.xlsx',)",2
"('sz.000711.xlsx',)",3
"('sz.000713.xlsx',)",3
"('sz.000715.xlsx',)",5
"('sz.000717.xlsx',)",2
"('sz.000719.xlsx',)",4
"('sz.000720.xlsx',)",2
"('sz.000721.xlsx',)",3
"('sz.000722.xlsx',)",0
"('sz.000725.xlsx',)",1
"('sz.000727.xlsx',)",1
"('sz.000729.xlsx',)",3
"('sz.000731.xlsx',)",3
"('sz.000733.xlsx',)",1
"('sz.000735.xlsx',)",3
"('sz.000736.xlsx',)",0
"('sz.000737.xlsx',)",2
"('sz.000738.xlsx',)",1
"('sz.000739.xlsx',)",3
"('sz.000753.xlsx',)",2
"('sz.000755.xlsx',)",2
"('sz.000756.xlsx',)",3
"('sz.000758.xlsx',)",2
"('sz.000759.xlsx',)",5
"('sz.000761.xlsx',)",2
"('sz.000762.xlsx',)",2
"('sz.000767.xlsx',)",0
"('sz.000768.xlsx',)",1
"('sz.000777.xlsx',)",2
"('sz.000778.xlsx',)",2
"('sz.000779.xlsx',)",2
"('sz.000782.xlsx',)",3
"('sz.000785.xlsx',)",5
"('sz.000786.xlsx',)",2
"('sz.000789.xlsx',)",3
"('sz.000791.xlsx',)",0
"('sz.000792.xlsx',)",3
"('sz.000795.xlsx',)",2
"('sz.000797.xlsx',)",0
"('sz.000798.xlsx',)",3
"('sz.000800.xlsx',)",2
"('sz.000801.xlsx',)",0
"('sz.000803.xlsx',)",5
"('sz.000807.xlsx',)",2
"('sz.000811.xlsx',)",2
"('sz.000812.xlsx',)",5
"('sz.000813.xlsx',)",3
"('sz.000815.xlsx',)",2
"('sz.000818.xlsx',)",3
"('sz.000819.xlsx',)",0
"('sz.000820.xlsx',)",3
"('sz.000821.xlsx',)",2
"('sz.000822.xlsx',)",3
"('sz.000823.xlsx',)",1
"('sz.000825.xlsx',)",2
"('sz.000828.xlsx',)",2
"('sz.000830.xlsx',)",3
"('sz.000833.xlsx',)",5
"('sz.000836.xlsx',)",1
"('sz.000837.xlsx',)",2
"('sz.000838.xlsx',)",0
"('sz.000848.xlsx',)",3
"('sz.000850.xlsx',)",0
"('sz.000852.xlsx',)",2
"('sz.000856.xlsx',)",2
"('sz.000858.xlsx',)",3
"('sz.000859.xlsx',)",3
"('sz.000860.xlsx',)",3
"('sz.000862.xlsx',)",0
"('sz.000863.xlsx',)",0
"('sz.000868.xlsx',)",2
"('sz.000875.xlsx',)",0
"('sz.000876.xlsx',)",3
"('sz.000878.xlsx',)",2
"('sz.000880.xlsx',)",2
"('sz.000881.xlsx',)",3
"('sz.000882.xlsx',)",5
"('sz.000883.xlsx',)",0
"('sz.000886.xlsx',)",0
"('sz.000888.xlsx',)",3
"('sz.000895.xlsx',)",3
"('sz.000897.xlsx',)",0
"('sz.000898.xlsx',)",2
"('sz.000899.xlsx',)",0
"('sz.000900.xlsx',)",2
"('sz.000901.xlsx',)",2
"('sz.000902.xlsx',)",0
"('sz.000903.xlsx',)",2
"('sz.000905.xlsx',)",0
"('sz.000906.xlsx',)",5
"('sz.000909.xlsx',)",5
"('sz.000911.xlsx',)",3
"('sz.000912.xlsx',)",3
"('sz.000913.xlsx',)",2
"('sz.000915.xlsx',)",0
"('sz.000917.xlsx',)",4
"('sz.000919.xlsx',)",3
"('sz.000920.xlsx',)",3
"('sz.000922.xlsx',)",1
"('sz.000923.xlsx',)",0
"('sz.000926.xlsx',)",0
"('sz.000927.xlsx',)",3
"('sz.000928.xlsx',)",2
"('sz.000929.xlsx',)",3
"('sz.000930.xlsx',)",3
"('sz.000931.xlsx',)",3
"('sz.000932.xlsx',)",2
"('sz.000933.xlsx',)",2
"('sz.000935.xlsx',)",2
"('sz.000936.xlsx',)",3
"('sz.000937.xlsx',)",2
"('sz.000948.xlsx',)",4
"('sz.000949.xlsx',)",3
"('sz.000950.xlsx',)",0
"('sz.000951.xlsx',)",2
"('sz.000952.xlsx',)",3
"('sz.000953.xlsx',)",2
"('sz.000957.xlsx',)",0
"('sz.000958.xlsx',)",5
"('sz.000959.xlsx',)",2
"('sz.000960.xlsx',)",2
"('sz.000962.xlsx',)",2
"('sz.000963.xlsx',)",3
"('sz.000965.xlsx',)",0
"('sz.000966.xlsx',)",0
"('sz.000967.xlsx',)",3
"('sz.000968.xlsx',)",0
"('sz.000969.xlsx',)",2
"('sz.000970.xlsx',)",2
"('sz.000971.xlsx',)",3
"('sz.000973.xlsx',)",3
"('sz.000975.xlsx',)",0
"('sz.000976.xlsx',)",2
"('sz.000977.xlsx',)",1
"('sz.000978.xlsx',)",4
"('sz.000983.xlsx',)",3
"('sz.000985.xlsx',)",0
"('sz.000987.xlsx',)",2
"('sz.000988.xlsx',)",2
"('sz.000989.xlsx',)",1
"('sz.000990.xlsx',)",2
"('sz.000993.xlsx',)",3
"('sz.000995.xlsx',)",2
"('sz.000997.xlsx',)",0
"('sz.000998.xlsx',)",1
"('sz.000999.xlsx',)",2
"('sz.001208.xlsx',)",0
"('sz.001219.xlsx',)",0
"('sz.001258.xlsx',)",1
"('sz.001289.xlsx',)",2
"('sz.001328.xlsx',)",4
"('sz.001338.xlsx',)",0
"('sz.001696.xlsx',)",0
"('sz.001872.xlsx',)",4
"('sz.001914.xlsx',)",0
"('sz.001979.xlsx',)",0
"('sz.002002.xlsx',)",2
"('sz.002004.xlsx',)",1
"('sz.002007.xlsx',)",0
"('sz.002008.xlsx',)",2
"('sz.002009.xlsx',)",1
"('sz.002012.xlsx',)",4
"('sz.002014.xlsx',)",4
"('sz.002015.xlsx',)",0
"('sz.002016.xlsx',)",0
"('sz.002019.xlsx',)",3
"('sz.002020.xlsx',)",0
"('sz.002025.xlsx',)",0
"('sz.002026.xlsx',)",3
"('sz.002027.xlsx',)",0
"('sz.002030.xlsx',)",4
"('sz.002031.xlsx',)",0
"('sz.002032.xlsx',)",0
"('sz.002033.xlsx',)",4
"('sz.002035.xlsx',)",0
"('sz.002037.xlsx',)",0
"('sz.002038.xlsx',)",3
"('sz.002039.xlsx',)",0
"('sz.002041.xlsx',)",2
"('sz.002043.xlsx',)",2
"('sz.002044.xlsx',)",2
"('sz.002047.xlsx',)",0
"('sz.002048.xlsx',)",2
"('sz.002051.xlsx',)",3
"('sz.002053.xlsx',)",0
"('sz.002054.xlsx',)",0
"('sz.002056.xlsx',)",2
"('sz.002057.xlsx',)",1
"('sz.002058.xlsx',)",2
"('sz.002059.xlsx',)",3
"('sz.002060.xlsx',)",2
"('sz.002061.xlsx',)",0
"('sz.002062.xlsx',)",5
"('sz.002064.xlsx',)",2
"('sz.002066.xlsx',)",2
"('sz.002067.xlsx',)",2
"('sz.002068.xlsx',)",3
"('sz.002069.xlsx',)",4
"('sz.002073.xlsx',)",2
"('sz.002075.xlsx',)",3
"('sz.002077.xlsx',)",2
"('sz.002078.xlsx',)",0
"('sz.002079.xlsx',)",3
"('sz.002080.xlsx',)",3
"('sz.002081.xlsx',)",2
"('sz.002083.xlsx',)",3
"('sz.002087.xlsx',)",0
"('sz.002091.xlsx',)",5
"('sz.002092.xlsx',)",3
"('sz.002094.xlsx',)",0
"('sz.002095.xlsx',)",0
"('sz.002096.xlsx',)",0
"('sz.002097.xlsx',)",0
"('sz.002098.xlsx',)",0
"('sz.002099.xlsx',)",3
"('sz.002100.xlsx',)",3
"('sz.002101.xlsx',)",2
"('sz.002103.xlsx',)",0
"('sz.002104.xlsx',)",3
"('sz.002105.xlsx',)",4
"('sz.002106.xlsx',)",0
"('sz.002107.xlsx',)",3
"('sz.002108.xlsx',)",4
"('sz.002109.xlsx',)",0
"('sz.002110.xlsx',)",3
"('sz.002111.xlsx',)",0
"('sz.002112.xlsx',)",2
"('sz.002114.xlsx',)",0
"('sz.002116.xlsx',)",3
"('sz.002123.xlsx',)",0
"('sz.002124.xlsx',)",1
"('sz.002125.xlsx',)",3
"('sz.002126.xlsx',)",0
"('sz.002128.xlsx',)",1
"('sz.002130.xlsx',)",1
"('sz.002132.xlsx',)",0
"('sz.002135.xlsx',)",0
"('sz.002136.xlsx',)",1
"('sz.002139.xlsx',)",4
"('sz.002140.xlsx',)",2
"('sz.002144.xlsx',)",0
"('sz.002145.xlsx',)",2
"('sz.002146.xlsx',)",0
"('sz.002148.xlsx',)",0
"('sz.002149.xlsx',)",0
"('sz.002151.xlsx',)",0
"('sz.002152.xlsx',)",0
"('sz.002155.xlsx',)",0
"('sz.002156.xlsx',)",3
"('sz.002157.xlsx',)",4
"('sz.002158.xlsx',)",0
"('sz.002160.xlsx',)",0
"('sz.002162.xlsx',)",2
"('sz.002163.xlsx',)",1
"('sz.002166.xlsx',)",0
"('sz.002167.xlsx',)",1
"('sz.002169.xlsx',)",0
"('sz.002170.xlsx',)",2
"('sz.002171.xlsx',)",1
"('sz.002173.xlsx',)",4
"('sz.002174.xlsx',)",5
"('sz.002177.xlsx',)",5
"('sz.002179.xlsx',)",0
"('sz.002181.xlsx',)",3
"('sz.002182.xlsx',)",2
"('sz.002183.xlsx',)",0
"('sz.002186.xlsx',)",0
"('sz.002187.xlsx',)",3
"('sz.002188.xlsx',)",3
"('sz.002189.xlsx',)",3
"('sz.002191.xlsx',)",2
"('sz.002193.xlsx',)",4
"('sz.002199.xlsx',)",3
"('sz.002200.xlsx',)",1
"('sz.002201.xlsx',)",0
"('sz.002203.xlsx',)",3
"('sz.002204.xlsx',)",2
"('sz.002205.xlsx',)",0
"('sz.002207.xlsx',)",0
"('sz.002208.xlsx',)",0
"('sz.002209.xlsx',)",2
"('sz.002210.xlsx',)",4
"('sz.002211.xlsx',)",0
"('sz.002214.xlsx',)",3
"('sz.002217.xlsx',)",0
"('sz.002222.xlsx',)",3
"('sz.002226.xlsx',)",0
"('sz.002229.xlsx',)",2
"('sz.002230.xlsx',)",0
"('sz.002232.xlsx',)",5
"('sz.002237.xlsx',)",0
"('sz.002243.xlsx',)",2
"('sz.002246.xlsx',)",3
"('sz.002251.xlsx',)",0
"('sz.002254.xlsx',)",3
"('sz.002265.xlsx',)",0
"('sz.002267.xlsx',)",3
"('sz.002276.xlsx',)",0
"('sz.002281.xlsx',)",2
"('sz.002282.xlsx',)",3
"('sz.002285.xlsx',)",0
"('sz.002302.xlsx',)",1
"('sz.002304.xlsx',)",0
"('sz.002305.xlsx',)",2
"('sz.002310.xlsx',)",3
"('sz.002312.xlsx',)",2
"('sz.002320.xlsx',)",0
"('sz.002323.xlsx',)",0
"('sz.002332.xlsx',)",2
"('sz.002343.xlsx',)",0
"('sz.002344.xlsx',)",2
"('sz.002349.xlsx',)",2
"('sz.002366.xlsx',)",5
"('sz.002368.xlsx',)",4
"('sz.002374.xlsx',)",2
"('sz.002386.xlsx',)",3
"('sz.002389.xlsx',)",3
"('sz.002393.xlsx',)",2
"('sz.002396.xlsx',)",4
"('sz.002400.xlsx',)",0
"('sz.002401.xlsx',)",3
"('sz.002419.xlsx',)",5
"('sz.002420.xlsx',)",3
"('sz.002423.xlsx',)",2
"('sz.002427.xlsx',)",2
"('sz.002430.xlsx',)",4
"('sz.002461.xlsx',)",2
"('sz.002470.xlsx',)",0
"('sz.002479.xlsx',)",3
"('sz.002480.xlsx',)",0
"('sz.002481.xlsx',)",1
"('sz.002483.xlsx',)",0
"('sz.002486.xlsx',)",0
"('sz.002507.xlsx',)",0
"('sz.002522.xlsx',)",0
"('sz.002523.xlsx',)",0
"('sz.002528.xlsx',)",3
"('sz.002542.xlsx',)",0
"('sz.002544.xlsx',)",1
"('sz.002556.xlsx',)",2
"('sz.002561.xlsx',)",5
"('sz.002564.xlsx',)",1
"('sz.002573.xlsx',)",0
"('sz.002580.xlsx',)",2
"('sz.002586.xlsx',)",4
"('sz.002608.xlsx',)",0
"('sz.002627.xlsx',)",5
"('sz.002642.xlsx',)",1
"('sz.002644.xlsx',)",1
"('sz.002654.xlsx',)",2
"('sz.002659.xlsx',)",1
"('sz.002660.xlsx',)",5
"('sz.002669.xlsx',)",3
"('sz.002672.xlsx',)",3
"('sz.002676.xlsx',)",1
"('sz.002678.xlsx',)",0
"('sz.002682.xlsx',)",0
"('sz.002686.xlsx',)",0
"('sz.002692.xlsx',)",2
"('sz.002712.xlsx',)",0
"('sz.002721.xlsx',)",0
"('sz.002722.xlsx',)",5
"('sz.002775.xlsx',)",2
"('sz.002783.xlsx',)",3
"('sz.002789.xlsx',)",3
"('sz.002799.xlsx',)",3
"('sz.002820.xlsx',)",0
"('sz.002827.xlsx',)",0
"('sz.002848.xlsx',)",4
"('sz.002856.xlsx',)",0
"('sz.002883.xlsx',)",3
"('sz.002893.xlsx',)",2
"('sz.002911.xlsx',)",0
"('sz.002912.xlsx',)",0
"('sz.002920.xlsx',)",3
"('sz.002933.xlsx',)",2
"('sz.002935.xlsx',)",2
"('sz.002941.xlsx',)",2
"('sz.003013.xlsx',)",3
"('sz.003035.xlsx',)",1
"('sz.003039.xlsx',)",0
